meeting_id,meeting_year,issue_no,issue_text,action_text,future_plan_text,status,source_page
UNMAPPED_REPORT_2022,22,5,한국문화관광연구원단기현안 과제수행관련규정명확화필요,조치완료 연구사업추진지침개정(‘23년1월) ㅇ - 지침내단기현안연구(현안과제) 유형및수행절차명시 (기본연구수행절차준용),ㅇ지침준수여부점검등관리·감독철저,complete,27
UNMAPPED_REPORT_2022,22,13,소관위원회의인적구성다양화 및운영내실화필요,조치완료 ㅇ문체부소관위원회장애인위원확대계획수립및보고(‘22.11.) - 향후신규위원선임소요발생시소관분야의전문성을갖춘 장애인위원1명이상위촉계획수립 부내위원회담당대상장애인위원확대계획전파(’22.11.) ㅇ,ㅇ위원회별장애인위원위촉확대및현황파악지속추진,complete,28
UNMAPPED_REPORT_2022,22,24,세종학당사업수행방식을보조금 에서출연금으로전환하는등 법적근거마련을위한「국어 기본법」개정을위해문체부가 적극적으로협조할것,"조치중 관련국어기본법개정안국회발의 ㅇ - 임오경의원대표발의(’22.11.22) · (주요내용) 세종학당재단에대한법적출연근거마련, 세종학당 재단의국유재산․물품무상대부및사용에관한법적근거마련",관련법개정에대해사업운영의효율성및예산운용의 ㅇ 투명성을종합적으로검토해신중하게추진,active,31
UNMAPPED_REPORT_2022,22,28,국립세계문자박물관에서현재 까지수집한소장품및관련 용역에대한전수조사실시 하여보고할것,"조치완료 ㅇ소장품수집관련전수조사계획수립(’22.11.2.) - 소장품전수조사, 전시계획과의정합성평가, 수집규정 정비, 향후구매계획포함 ㅇ소장품전수조사(총228건, ’22.10.31.~11.4.) ㅇ소장품전수조사결과의원실별도보고완료(’22.12.13.) ㅇ자료수집및관리규정제정완료(’23.6월)",null,complete,32
UNMAPPED_REPORT_2022,22,52,"BF(배리어프리) 인증실태를 제대로파악하고, 박물관·미술관의 배리어프리확산을위한방안을 마련하여적극적으로추진할것","조치완료 국·공립박물관및미술관장애인편의시설실태전수조사 ㅇ 및개선방향연구, 현황파악및개선을위한정책세미나 개최(22.12.20.) 실태조사결과토대로기관별개선사항통보(‘23.2.3.), 국· ㅇ 공립박물관및미술관장애인편의시설담당자대상교육 개최(23.2.28.)",null,complete,38
UNMAPPED_REPORT_2022,22,59,"한국콘텐츠진흥원 허위자료 제출, 인사, 급여등문제가 있어철저한조사를통해적법한 조치를취할것","조치중 요청자료(`12년∼`22년승진자명단/등급/연차등)의오류를확인, ㅇ 엄중사과하고수정제출(`22.9.28), 재방문설명(`22.9.30) 재발방지를위해국회제출자료에대한중복점검강화, 직원 ㅇ 교육강화, 담당부서장엄중경고(`22.10월) 인건비및운영비는국고사업통장으로별도관리하고 ㅇ 인건비는집행잔액정산시반납완료 `19년∼`21년해당계좌집행기록자료제출(∼`22.10.20.) ㅇ","인사관리시스템의승진자동순위산출, 통계화기능등 ㅇ 고도화지속추진(`22.10월∼) - 현재’23년정보화사업위탁용역업체선정완료(3월) 하였으며, 요구사항분석및시스템기획을거쳐연내개선완료예정 ERP(전사적자원관리시스템) 급여계산시스템지속 ㅇ 보강(임금피크제비율, 성과급비율등)(계속) - 현재’23년정보화사업위탁용역업체선정완료(3월) 하였으며, 요구사항분석및시스템기획을거쳐연내개선완료예정",active,40
UNMAPPED_REPORT_2022,22,64,"영화발전기금고갈위기상황으로, 글로벌OTT 사업자도국내영화 산업발전차원에서기금부과필요","조치중 영화발전기금재원확대를위한사전검토등추진 ㅇ ‘영화’의법적정의재검토*, 온라인영화유통거래확보** - 등제도적설계선행추진 * ‘영화’ 정의재검토등을포함한‘영화및비디오물의진흥에관한법률 개정’ 연구(’22.9월∼‘23.5월) ** 온라인상영관통합전산망구축·운영및사업자참여확대노력(’22년〜)","온라인영화유통거래정보확보등인프라선행구축및운영 ㅇ 안정화지속 - 다만, OTT 부과금징수는산업성장초기단계인점을감안, 신중한접근필요",active,42
UNMAPPED_REPORT_2022,22,74,네이버제트 등 메타버스를 선도하는기업등이자체등급 분류사업자가되는방안등에 대해콘텐츠를관장하는주무 부처로서다른부처와협의할것,조치완료 ㅇ‘메타버스와게임물구분등을위한가이드라인’ 마련추진(‘22.9∼) - 관계부처TF(문체부·과기부)를구성해현재까지실무 회의다수개최(‘22.9∼),가이드라인마련을위해현재과기부등관계부처와지속협의 ㅇ,complete,44
UNMAPPED_REPORT_2022,22,81,2020년선정된인천시음악 창작소의정상운영에대한 우려및당시공모선정과 정의적정성에대해조사할것,"조치완료 ㅇ인천음창소공모선정과정의적정성조사완료(‘22.12월) * ‘20년지역기반형음악창작소조성공모에캠프마켓을‘녹지문화공간 및음악클러스터조성‘으로신청하여인천시가최고점수를받아선정 되었고, 오염토로인한건물변경, 국방부건물사용승인지연등으로시 설물조성까지장기간소요(’22.9월준공) 되었는바, 이점을심사당시 심사위원이인지하기는곤란하였다고판단됨.",캠프마켓마스터플랜연구용역(~’24.2월) 및인천시음악 ㅇ 창작소건물보존검토중,complete,46
UNMAPPED_REPORT_2022,22,82,"온라인암표신고게시판의 실효성이없어, 이를보완할 온라인암표매매실태및 피해규모파악, 온라인암표 근절 캠페인 시행, 온라인 암표거래단속을위한법 개정등에대해조사할것","조치중 한국콘텐츠진흥원과협의하여매크로의심사례를실효성 ㅇ 있게선별할수있도록온라인암표신고게시판개선(’23년~) 온라인암표근절홍보대사위촉및캠페인시행(’23년) ㅇ 매크로프로그램을이용한부정판매금지및처벌을내 ㅇ 용으로하는「공연법」개정(’24.3.22. 시행) 중고거래사이트, 공연기획사등암표관련대책마련을위한 ㅇ 이해관계자및경찰청등관계부처의견수렴중(‘23년~)",ㅇ향후티켓예매처· 경찰청등관계기관협의를통해실효성 있는암표근절대책마련예정,active,47
UNMAPPED_REPORT_2022,22,92,"전국학생만화공모전 관련, 심사과정에서편향성없이 공정한심사가이루어졌는지 면밀한조사필요","조치완료 ㅇ추후공모전진행시, 심사위원선정및심사진행이투명하게 이루어지는지등에대하여관리·감독을철저히하겠음",null,complete,49
UNMAPPED_REPORT_2022,22,98,만화영상진흥원실장비위및 원장갑질등에대한지적및 기관조직적비위에대한감사 요구,"조치완료 ㅇ한국만화영상진흥원은경기도부천시조례에의해설립된 부천시소관재단법인으로, 기관일반에대하여우리부에서 종합감사를실시할권한없음",null,complete,50
UNMAPPED_REPORT_2022,22,100,영상저작물저작자가정당한 보상을받을수있도록제도를 개선할것,"조치중 영상저작물저작자의보상청구권도입과관련하여, 현장에 ㅇ 종사하는영상물권리자, 영상물제작자, 플랫폼사·방송사등 다양한이해관계자의견수렴(’22.8.~’23.10.) 관련개정안들에대한법안공청회실시(’23.2.9.) ㅇ 영상저작물저작자의보상청구권관련개정안도입에 ㅇ 따른산업영향분석연구및영상저작물수익분배에 관한해외법제및실태연구실시(’23.2~6월) 관련법안문체위법안소위논의(’23.~9월) ㅇ ㅇ장관주재영상콘텐츠산업현장방문및업계간담회(’23.10.23)","이해관계자(창작자, 제작사, 영상산업계등) 의견수렴및 ㅇ 문체위법안소위논의진행",active,50
UNMAPPED_REPORT_2022,22,103,어렵고소외된계층의고등교육 기회인학점은행기관을수업 목적보상금제도의적용대상 기관에포함시킬것,조치완료 ㅇ저작권법개정(안)* 발의(’20.12.4. / 김예지의원대표발의) - ‘수업목적보상금’ 대상에「학점인정등에관한법률」에따라 평가인정을받은교육과정포함(원격수업한정) 저작권법개정(안) 문체위소위계류중 *,null,complete,51
UNMAPPED_REPORT_2022,22,105,제6차방송영상산업진흥중 장기계획에더많은장애예술인이 출연할수있도록지원하는 방안을포함할것,제6차방송영상산업진흥중장기계획에장애예술인출연 ㅇ 관련과제포함(‘22.12.27. 발표) ‘장애인의방송영상콘텐츠출연확대방안연구’ 보고서발간 ㅇ (’23.10월),null,complete,52
UNMAPPED_REPORT_2022,22,116,"현장의의견을고려하지않은 스포츠혁신위 권고안(출석 인정결석허용일수및최저 학력제, 주중대회의주말대회전환 등)으로인해 체육현장에서 부작용이나타나고있는바 개별종목단체의의견을듣는등 체육현장의의견을청취하고 권고안에대한재검토필요",조치완료 현장의개선요구가많았던▴출석인정결석허용일수▴ ㅇ 주말대회전환및▴소년체전개편의3개권고에대해현장 의견수렴결과를토대로개선방안을마련하여발표(‘23.1.19),"최저학력제등권고에대해서도향후현장의견을수렴하여 ㅇ 검토하고, 필요시교육부와개선방안협의예정",complete,54
UNMAPPED_REPORT_2022,22,117,"생활체육지도자처우에대한 실태파악, 우수사례 연구 등을통해처우가이드라인 등개선책마련필요","조치중 ‘23년도타공공부문종사자의보수인상률은1.7%인 ㅇ 반면, 생활체육지도자는3% 인상률예산반영 생활체육지도자처우관련국회토론회(‘22.12.26.) ㅇ ‘23년도생활체육지도자사업지침마련(‘23.5월) ㅇ",생활체육지도자운영사례현황등조사(‘23년하반기) ㅇ,active,54
UNMAPPED_REPORT_2022,22,118,스포츠를통한의료비절감 효과연구결과등을활용하고 교육부와협력을통해학교 체육시간을 늘리는 방안을 모색할필요가있고복지부와 협업하여유청소년들의건강 증진을위한대책마련필요,조치완료 보건복지부‘국가비만관리종합대책’에아동·청소년 ㅇ 체육활동강화를위한학교스포츠클럽활성화추진계획 반영(’23.1.),"초등1∼2학년체육교과독립편성및시수확대등을 ㅇ 위한유관기관(교육부, 국가교육위원회) 협의추진",complete,55
UNMAPPED_REPORT_2022,22,119,체육진흥투표권수탁사업자 (스포츠토토코리아)의 경영 위기에의해초래될수있는 체육기금조성위기에대한 대비조치와대책보고필요,"조치중 공단·수탁사합동사업발전협의체운영, 사업안정화방안 ㅇ 모색(‘22.8～11월/총4회) 권익위중재로우리부·공단·수탁사조정(안) 마련(‘23.3월) ㅇ 권익위조정(안) 감사원사전컨설팅신청및결과회신(‘23.7∼10월) ㅇ","4개기관(권익위,문체부,공단,수탁사) 조정(안) 최종합의(11.8) ㅇ 공단-수탁사간지출항목조정및이행방안조치(’23.11∼) ㅇ",active,55
UNMAPPED_REPORT_2022,22,120,체육진흥투표권공영화시행을 위한준비상황보고필요,조치중 투표권사업위탁구조효율화방안연구시행(‘22.12～‘23.5월) ㅇ 공영화준비관련우리부·공단간지속협의(‘22.9월～/5회) ㅇ 위탁구조개선을위한공단공영화준비TF 운영중(‘23.7월 ㅇ ∼‘25.6월),공단·자회사·수탁사공동인수단운영(‘24.7월～‘25.6월) ㅇ,active,55
UNMAPPED_REPORT_2022,22,121,"스포츠윤리센터의조사역량 강화를위한조사관전문성 확보, 인력 확충 방안과 사건처리전반에대한관리․ 감독계획수립필요","조치중 조사관역량강화계획및사건처리관리․감독계획수립, ㅇ 조사관역량강화교육시행(내부교육4회, 외부기관연계 조사인력부족에대한수요파악*, 교육4회), 사건처리 소요일수파악․분석중* * 챗봇, AI등을활용한업무경감, 간소화를통한인력절감방안병행검토 ㅇ상담․조사인력등스포츠윤리센터부족인력에대한 수요파악 윤리센터인력증원(조사인력4명, 정보화인력2명, 총6명) ㅇ ’24년정부안반영","전문성확보를위한조사역량강화교육지속추진(경찰청, ㅇ 감사원등연계교육8회실시예정(‘23년9~12월)) 조사관역량강화교육및사건처리관리․감독지속이행 ㅇ",active,55
UNMAPPED_REPORT_2022,22,122,"스포츠윤리센터가제대로된 컨트롤타워 역할을 할 수 있도록문체부, 대한체육회, 스포츠윤리센터의역할분담 필요","조치중 스포츠윤리센터업무현안관련하여문체부-윤리센터- ㅇ 유관기관간실무협의진행(수시) - 문체부-윤리센터-대한체육회, (성)폭력예방교육이수율 관련관계기관회의(’22.11.25.,’23.3.20.) - 문체부-윤리센터-대한체육회, 사건처리관련관계기관 회의(’23.3.13.) - 문체부-스포츠윤리센터-대한체육회등8개기관, 센터의 기능과역할강화를위한현안회의(’23.4.14.) 문체부-스포츠윤리센터-대한체육회현안공유회의개최 ㅇ (‘23.10.31.)","각기관역할, 수행업무등효율적인역할체계마련을 ㅇ 위한연구용역추진(‘23.6～12월)",active,56
UNMAPPED_REPORT_2022,22,123,국민체육진흥기금기관심사 시스포츠윤리센터폭력예 방교육이수율을평가항목 으로신설하고예방교육의 관리·감독을스포츠윤리센터가 하게할필요,"조치중 (센터예방교육관리·감독) ▲(교육이수율파악) 대한체육회, ㅇ 대한장애인체육회경기인등록DB 제공협의완료, ▲ (교육이수독려) 대한체육회, 대한장애인체육회경기인 등록시스템상윤리센터폭력예방교육이수안내영상 및스포츠윤리센터LMS 링크게재(~‘23.10월)","(센터예방교육관리·감독) ▲프로경기단체폭력예방 ㅇ 교육이수율측정방안마련추진(하반기), ▲향후관계 기관협의를통한스포츠윤리센터’스포츠윤리런(LMS)‘ 시스템을통한일원화지속추진(하반기)",active,56
UNMAPPED_REPORT_2022,22,124,성폭력방지교육등폭력 예방교육미이수자에대한 제재수단또는규정이필요하며 전반적으로교육이수율이 낮은점에대한원인분석과 제고방안마련필요,"조치중 (성)폭력예방교육(법정의무교육) 이수후선수·지도자 ㅇ 등록관련시스템연계․개선관계기관협의진행(2회) 문체부-윤리센터-대한체육회(’22.11.25.) - - 문체부-윤리센터-대한체육회(’23.03.20.) 교육이수독려및학습자편의증대/ 조치완료 ㅇ - 학습지원센터(평일9~18시) 운영 - 대한체육회경기인등록시스템내팝업알림창안내 - 교육기간확대4~11월→(변경) 1~12월 - 대한체육회, 대한장애인체육회경기인등록시스템상윤리센터 폭력예방교육이수안내영상및스포츠윤리센터‘스포츠윤리런’ (LMS) 링크게재(~‘23.10월) ※ 온라인학습시스템(스포츠윤리런) 회원가입및교육이수현황 (23.8.31 기준) 구분 기간 인원수 회원가입 2022년5월~ 현재까지 144,565명 2022년1월~ 12월 70,365명 교육이수 2023년1월~ 현재까지 115,265명 * 전년동기대비이수자수278% 증가(’22년30,471 →’23년115,265)",법정의무교육이수대상에대한교육이수홍보(계속) ㅇ,active,56
UNMAPPED_REPORT_2022,22,125,미성년자인권침해신고에대한 스포츠윤리센터의적극적인 조치필요,"조치중 미성년자인권보호강화를위한미성년자상담, 조사 ㅇ 매뉴얼개발중(‘23년중완료예정) * 미성년조사시고려사항및상황별대응방법, 조사규정및절차 개선등의내용포함 신고상담이력관리시스템내미성년자피해자표시기능 ㅇ 개발중",매뉴얼에따른조치이행및신고상담접수사건지속관리 ㅇ,active,57
UNMAPPED_REPORT_2022,22,126,"성남FC 수사에따른체육계의 전반적인위축을지적하며, 체육분야후원장려및후원 기업에법인세공제혜택필요","조치중 체육단체후원활성화를위하여체육단체마케팅역량 ㅇ 강화사업을확대(‘22년8.5억원→‘23년12억원)하고, 관련 국민체육진흥법개정안* 국회(법사위) 논의중 * 체육단체후원회설치, 체육후원우수기관인증등조항신설 조세특례제한법개정안의원발의협의(‘22.11월, 문체위원장실) ㅇ * 의안번호19939(‘23.2.10. 홍익표의원대표발의) : 체육단체지원에 대한과세특례(안제85조의11 신설)",국민체육진흥법개정안국회통과를위해노력 ㅇ,active,57
UNMAPPED_REPORT_2022,22,127,시·도민구단후원관련투명성 향상등을포함한제도개선 방안을지자체등과상의하여 검토필요,null,조치중 시도민프로축구단포함프로스포츠구단후원금관련 ㅇ 투명성확보를위해프로스포츠단체등과논의예정,active,58
UNMAPPED_REPORT_2022,22,128,경륜장 공정센터조사에서 직원들이선수들을강요‧ 하대‧폭언하는일이발생하고 있으므로선수들의인권보호를 위한대책마련필요,"조치중 경륜·경정선수인권혁신협의회* 운영(매월) ㅇ * 선수대표, 외부전문가, 경주사업자등13명",경륜·경정선수인권혁신협의회운영등을통한처우개선 ㅇ 지속검토·관리,active,58
UNMAPPED_REPORT_2022,22,129,경륜경주에대한공정한 심판즉결제재를담보하기 위한개선방안마련필요,"조치완료 심판즉결제재제도개선안마련및시행(‘23.7～) ㅇ - 심판판정은실격,경고, 주의로한정, 추가제재시제재 심의위원회개최및의결방식실시 위반점수합산방식개선및시행(‘23.8～) ㅇ - 제재(출전정지) 시, 위반점100점기준에서, 최근3회 합산50점으로개선",null,complete,58
UNMAPPED_REPORT_2022,22,130,경륜선수의도핑관련금지 약물에대한제재양정기준 마련하고및해당제재내역의 투명한공개필요 (체육협력관) 13건,조치중 경륜‧경정선수도핑위반세부제재양정기준마련(‘23.7) ㅇ * 위반행위에따른단계별제재기준세분화및감경기준신설등,경륜‧경정선수도핑위반세부제재양정기준시행(‘23.10월~) ㅇ,active,58
UNMAPPED_REPORT_2022,22,131,‘2024년동계청소년올림픽대회’에 대한적극적인재정지원필요,"조치완료 2024 강원동계청소년올림픽대회의성공개최를위한운영비 ㅇ 예산증액(‘22 7,500백만원→‘23 9,500백만원) 및문화프로 그램예산추가확보(‘23년13,100백만원)",null,complete,58
UNMAPPED_REPORT_2022,22,132,‘2024년강원동계청소년올림픽 대회’ 대비구체적계획수립,"조치중 대회기본계획에따라세부분야별((예).출·도착, 식음, 숙박등) ㅇ 실행계획수립. 상황변화에따라대회직전까지현장상황을 반영하여지속수정·보완예정(상황에따라탄력적으로대응)",null,active,58
UNMAPPED_REPORT_2022,22,139,체대입시에도핑으로인한제재 이력이반영되도록관계부처및 기관간대책논의필요,"조치중 대학입시와관련하여는교육부와협의필요 ㅇ - 교육부, 한국대학교육협의회, 한국대학스포츠협의회등관계기관 협의통해추진검토",null,active,60
UNMAPPED_REPORT_2022,22,141,성남FC가성남시장애인체육회 산하에있는것은비정상적 으로해당경위및위법사항 유무조사및정상화필요,조치중 ‘성남FC 주식무상증여’ 관련자료의원실(김예지의원실) 제출 ㅇ (‘23. 2. 7./’23. 9. 4./대한장애인체육회) 관계기관인대한장애인체육회를통한동향모니터링 ㅇ - 대한장애인체육회주관경기도·성남시장애인체육회성남FC 정상화방안회의(8.17.) 등추진경과모니터링,대한장애인체육회를통한성남FC 정상화추진경과및향후 ㅇ 조치계획지속점검,active,60
UNMAPPED_REPORT_2022,22,142,23년아시안컵유치실패 분석및국제경기대회유치를 위한새로운전략마련필요,"조치완료 실패요인분석 ㅇ - AFC의장기적재정수익안정화기여도및AFC 내중동세 우위의의사결정구조등이중점고려된것이실패요인으로판단 국제경기대회유치는대회개최의타당성및경제적효과, ㅇ 국민적공감대형성등을종합적으로검토하여추진할계획",null,complete,61
UNMAPPED_REPORT_2022,22,149,중국인 단체관광객 전담 여행사제도 재검토및 선정과정개선필요 (관광산업정책관) 6,"조치완료 중국관광시장건전화를위한중국전담여행사제도개선 ㅇ - 양질의상품기획능력등을우선하여중국전담여행사선정기준개선(‘23.1월) * 중국시장이해도및여행상품기획력평가배점강화(40 →55점), 경영평가(자기자본비율등) 배점축소(30→15점)",null,complete,62
UNMAPPED_REPORT_2022,22,152,야영장의화장실및샤워장 내불법촬영장치점검필요),조치완료 전국야영장안전점검시행시민간야영장화장실및샤워장 ㅇ 내불법촬영장치점검실시(’23.6.26.~8.25.),null,complete,63
UNMAPPED_REPORT_2022,22,155,해외이주자출입관리부실한 강원랜드조치필요,"조치완료 행정절차법에따라3회청문*을실시하고행정처분(과징금 ㅇ 2천만원) 및과태료(1백만원) 처분함(’22.12.14.) * (9.30) 1차청문, (10.14) 2차현장조사, (10.28.) 2차청문 강원랜드는해외이주자입장시스템* 개선, 출입관리지침 ㅇ 개정, 전담직원배치, 직원교육실시등 * 해외이주자자격요건확인증빙서류(여권, 영주자격 증명서, 주민등록초본등) 즉시시스템업로드및유효 기간30일미만증빙서류팝업기능추가",null,complete,63
UNMAPPED_REPORT_2022,22,158,한국예술종합학교 설치법안 통과를위해적극적인설명과 공감대를형성할것,"조치완료 설치법안3건발의, 문체위소위원회회부 ㅇ - 법안3건소위상정및논의(’23.2.21., ‘23.5.24.) - 타대학및한예종출신예술가등법안지지(‘22.11.~‘23.2.) - 국내대학4개소와추가MOU 체결(’22.10.~’23.9.)",대내외설치법제정필요성지속설명및입법절차대응 ㅇ - 타예술대학-한예종간협력방안발굴및지속추진,complete,64
UNMAPPED_REPORT_2022,22,165,"국립중앙박물관 중요문화재의 안전한전시를위해보험가입 ㅇ 필요, 전시중인작품의사고방지를 위해적극적조치를취할것","조치완료 노출전시품의경우사전에사고를방지할수있는안전 관리강화(사유의방: 경고음센서, 경고음성, 인제책추가 설치, 전시구조물시설점검)조치완료, 전문보안요원배치를 위한예산요구",null,complete,66
UNMAPPED_REPORT_2022,22,170,다듬은말산출규모를증대 하면서도 국민수용도 조사 ㅇ 강화를통해결과물의품질 관리에만전을기할것,"조치완료 ’22년수용도조사부터긍부정을명확히파악하기위하여4점 척도(매우부적절하다-부적절하다-적절하다-매우적절하다) 적용 변경전 전혀적합하지않다- 적합하지않다-보통이다- (5점척도) 적합하다-매우적합하다 변경후 매우부적절하다-부적절하다-적절하다-매우 (4점척도) 적절하다 다듬은말사용을확대하고자다듬은말카드뉴스제작(23건), ㅇ 국회, 중앙행정기관, 지자체등에배포완료 새말모임을월2회씩연20회이상개최하여다듬은말 ㅇ 산출규모를점차늘려갈계획(‘23.3월부터매월7~8개씩선정) 결과물의품질관리를위하여위원연령과분야를다양 ㅇ 화하는이외에전문위원단을구성, 관련의견을지속적 으로수렴할계획",null,complete,66
UNMAPPED_REPORT_2022,22,174,"향후누리소통망(SNS) 행사시, 홍보문구및각종표현‧표기 등을철저히검수하여언어 윤리적인 문제가 발생하지 않도록할것","조치완료 행사기획단계부터성인지감수성등각종지침사항 ㅇ 확인, 여러단계를거쳐검증계획 - 문체부디지털담당관실점검표, 성평등위원회자료등참고 누리소통망(SNS)에올리는콘텐츠의문구, 표현표기 ㅇ 등은내부인력으로수차례사전검토진행",null,complete,67
UNMAPPED_REPORT_2022,22,177,국민의문해력에대한우려 및 언어환경 변화에 따른 소통문제등에대해관심을 갖고대책을마련할것,null,null,active,68
UNMAPPED_REPORT_2022,22,180,"점자관련예산책정이유를 보고하고, 점자정보누리집의 오류를수정하고효율적운영 관리방안을마련할것 【국립중앙도서관】5건 시정및처리요구사항","조치완료 ‘23년예산감액으로점자예산이줄었으나, 연구관련 ㅇ 예산은전년과동일하게유지함. 점자정보누리집의오류수정및디자인도개편하였으며, ㅇ 유관기관과협력하여누리집자료도추가로게시함",’23년한국어-점자말뭉치구축및점역소프트웨어고도화 ㅇ 등내실있는점자연구추진 점자자료지속추가게시및관리 ㅇ 조치사항및향후추진계획,complete,69
UNMAPPED_REPORT_2022,22,184,"발행자번호축소배정기준에 대한모호성을검토하고, 구체 적인 발행자번호 확대･축소 배정기준을마련할것",조치완료 한국문헌번호운영위원회회의에서ISBN 발행자번호축 ㅇ 소배정기준관련의결(‘22. 12. 8.),"ㅇ「한국문헌번호편람」개정시, ISBN 발행자번호배정기준명시",complete,70
UNMAPPED_REPORT_2022,22,201,국립아시아문화전당사업기획 단계부터사후성과평가단계까지 충실히하여사업내실화할수 있도록운영할것 【예술원사무국】1건 시정및처리요구사항,조치완료 중장기발전계획수립(‘22.11월) ㅇ ’23년업무계획수립시중장기계획(연도별핵심테마도출) ㅇ 적극반영(’23년1월) * 핵심테마: (’23~’24) 도시문화(’25~’26) 생활양식(’27~’28) 예술 ’23년핵심테마공유정례회의신설운영(’23년3월~) ㅇ - 콘텐츠분야별핵심테마활용사항공유로일관성있는 전당콘텐츠방향정립 조치사항및향후추진계획,null,complete,75
UNMAPPED_REPORT_2022,22,209,2019년도대통령순방문화 행사수행업체‘노바운더리’ 사와의수의계약관련조사를 실시할것 【한국정책방송원】2건 시정및처리요구사항,"조치완료 ㅇ해당재외문화원에대한현장점검(’23.6.1.~2.) - 순방문화행사업무지침수립·배포, 신규부임문화원장 대상교육실시(’23.7월) ㅇ신규부임문화원장대상교육지속실시(연중) 조치사항및향후추진계획",null,complete,77
UNMAPPED_REPORT_2022,22,210,프리랜서스태프의근로기준 법상노동자성을인정해근로 계약체결및노동환경개선필요,"조치완료 프리랜서직군과의근로계약체결문제는실질적으로 ㅇ 공무직(근로계약체결)과같은정원·예산과관련된사항 으로, 행안부·기재부등과협의가필요한사안임 * 현재, 프리랜서직군은예술인고용보험및안전배려의 의무위한단체상해보험가입적용 “KTV 방송제작비지급규정” 개정(’22.5월, ‘23.2월)을통해 ㅇ 인건비를상향조정하는등프리랜서의근무환경및처우 개선을위해노력하고있음",null,complete,77
UNMAPPED_REPORT_2022,22,211,유튜브채널에서도공공방송 이라는위치에걸맞는수준의 장애인접근성확보방안필요,"조치완료 현재KTV 유튜브채널에서는‘KTV 대한뉴스’, 국가기념식과 ㅇ 특별생방송등TV에서방송된수어방송콘텐츠가동일 하게서비스되고있음 유튜브채널에‘화면해설프로그램재생목록’을개설해화면 ㅇ 해설콘텐츠를이용할수있도록개선하였음",null,complete,77
UNMAPPED_REPORT_2022,22,213,"불법홀덤펍의문제가심각한바, 단속할수있는근거법령마련 등대책마련이시급","조치중 경찰청, 식약처, 문체부등유관기관과실무협의진행(’22.9.2.) ㅇ 지자체등일선기관과문제인식공유를위한정보제공(’22.9.19.) ㅇ 국무조정실에서리스크대응회의개최, 불법홀덤펍실태 ㅇ 및대응현황논의(’23.6.1.) 국무총리주재국정현안관계장관회의에서홀덤펍불법도박 ㅇ 대응방안논의(’23.7.12.) 정부합동(사감위·문체부·여가부·경찰청·식약처) ‘홀덤펍불법대응 ㅇ TF’ 구성·운영(1차회의(’23.7.20.), 2차회의(’23.8.24), 3차회의(’23.9.20.)","홀덤펍불법대응TF운영을관계부처합동으로전반적인 ㅇ 대처방안에대한협업 - 사감위․문체부․여가부․경찰청․식약처가협업하여 실태조사, 집중단속, 제도개선, 대국민홍보등추진 * 관광진흥법개정안발의 (이병훈의원대표발의, ’23.7.18./ 이용호의원대표발의, ’23.8.18.)",active,78
UNMAPPED_REPORT_2022,22,218,강원랜드게임과몰입방지를 위해 매출총량 등 총괄적 규제는유지하되카지노운영에 유연성 확보를 위해 게임 리미트와면적제한등규제는 완화할필요,강원랜드카지노의게임리미트와면적제한등의구체적인 ㅇ 현장규제는사감위에서직접관여하여추진하기에는 어려움이있음.,ㅇ강원랜드의관리감독부처인문화체육관광부에서강원랜드와 협력하여구체적방안이마련될수있도록하겠음.,complete,79
UNMAPPED_REPORT_2022,22,221,지역별(경북지역) 도박중독 유병률 차이가 발생하는 이유에대한파악필요,"조치완료 ｢2022년사행산업이용실태조사｣에따르면경북지역유병 ㅇ 률은4.9%로전체유병률(5.5%) 대비낮은것으로나타남 - 부산(8.9%), 경기(6.9%), 인천/충북(6.3%) 순으로조사 * 경북지역의경우2020년조사대비1.4% 감소","실태조사로는지역별유병률의차이분석이어려우며, 향후 ㅇ 전국지역센터내담자를대상으로사행활동참여실태에대한 파악노력",complete,80
UNMAPPED_REPORT_2022,22,224,사감위가직접불법도박차단 업무를할수있도록제도적 보완필요,"조치중 보다신속한사이트차단심의방안모색을위해불법도박 ㅇ 사이트심의기관인방심위와협의 (‘22.11.10.사감위주관유관기관워크숍개최, ‘23.4.5. 업무협의)",현재불법도박사이트에대한방심위의신속서면심사를 ㅇ 내용으로하는방통위법일부개정안이발의*되어있는 상황으로관계부처와법안처리협력 * 조명희 의원 대표발의: ‘20.11.6 성일종 의원 대표발의: ’21.4.22,active,81
UNMAPPED_REPORT_2022,22,226,한국도박문제예방치유원의 부적절한 보조금 집행관련 후속조치(문화체육관광부 감사등) 필요,조치완료 문화체육관광부감사담당관의견에따라정산완료 ㅇ (′23.5.22.),null,complete,81
UNMAPPED_REPORT_2022,22,234,원장의연봉인상관련재발 방지등개선필요 【한국문화관광연구원】2건 시정및처리요구사항,"조치완료 기재부지침* 등보수체계전반및경과사항점검실시 ㅇ (‘22.12.2.), 의원실보고(‘22.12.28.) * 공공기관임원연봉보수체계를기본연봉과성과급으로단순화(기본연봉 이외수당·복리후생비등지급금지)",기재부지침지속준수및주무부처와사전협의강화 ㅇ 조치사항및향후추진계획,complete,83
UNMAPPED_REPORT_2022,22,236,관광분야의코로나19 피해실 태·구제및활성화방안과지 방문화활성화를위한문화관 광권관련프로그램활성화에 대해심도있게연구할것 【세종학당재단】6건 질의및시정요구사항,"조치완료 관광분야코로나19 피해실태구제및활성화, 지방문화 ㅇ 활성화등과관련하여2021년부터2023년까지총16건의 연구수행(기본연구9건, 수탁연구7건) 조치사항및향후추진계획",null,complete,84
UNMAPPED_REPORT_2022,22,242,"파견교원의특혜문제를유발한 규정개정등시정조치방안을 마련하고, 재발방지를위한 방안도마련할것 【한국문화예술위원회】9건 시정및처리요구사항",조치완료 무기계약직파견교원의순환전보및동일파견지최대 ㅇ 근무기간을명시하고이사장특혜의혹을사전에방지할 수있도록관련규정개정(’22.12월) 조치사항및향후추진계획,null,complete,85
UNMAPPED_REPORT_2022,22,248,"뉴서울CC 관련, 국무조정실 및 문체부의 연이은 감사 실시로전임대표가해임된 것은특정특별회원의정치적 입김작용의혹지적","조치중 국무조정실감사결과에따라, 뉴서울CC에대한특별감사 ㅇ 추가실시결과부정청탁에따른편의및특혜제공등대 표이사의비위행위적발로해임처분(’22.1.19.) 특별회원혜택과다와관련하여, 특별회원권회수및소각에 ㅇ 필요한재원80억원조성완료(’23.6월) 특별회원권반환절차이사회승인및법률대리인선임후 ㅇ 특별회원권입회금법원공탁등반환절차진행(’23.9∼10월)",null,active,86
UNMAPPED_REPORT_2022,22,253,"2021년경영평가양호등급을 받은사유, 징계받은임원에게 성과급을지급하지않는등의 제도를개선할것 【예술의전당】6건 시정및처리요구사항",조치완료 ㅇ해임된임원에대해성과급을1/2 감하여지급하는것 으로임원보수규정개정(22.12.16.) 완료 조치사항및향후추진계획,null,complete,88
UNMAPPED_REPORT_2022,22,254,"예술의전당, 서예박물관아카이브 사업부실추진지적및자체 감사시스템개편필요",조치완료 서예아카이브관련담당자징계조치완료(’22.5.) ㅇ 서예아카이브운영정상화및유지보수계획수립완료 ㅇ (’23.3.) 및전산관련각종사전규제심의진행완료(’23.5.) 감사시스템개선을위한감사실인력증원(’23.1.) 및자체 ㅇ 종합감사시행(’23.4~6.) 완료,"서예아카이브서비스개발완료예정(’23.11.) ㅇ 신규추진사업에대한정기적종합감사실시로진행상황및결과점검 ㅇ 용역사업검수확인서에대해현장조사등철저히확인 ㅇ 장기계획에따른사업추진시진행사항및경과, 추진실적정기점검 ㅇ",complete,88
UNMAPPED_REPORT_2022,22,255,예술의전당소장품중기증 심의받지않은건에대하여 수증심의를서둘러진행하여 기증품등록할것,조치완료 관련제도(소장작품관리및운영내규) 개정완료(’22.7.) 및소장 ㅇ 작품실태파악을위한전수조사완료(’22.11.) 미수증작품수증심의진행(’22.11.) 및보험가입완료(’22.12.) ㅇ 수장고출입관리체계구축을위한매뉴얼제작및관계자 ㅇ 교육진행완료(’22.7.),향후기증작품에대하여기증즉시수증심의위원회를개최하여 ㅇ 기증품등록이지연되지않도록주의예정,complete,88
UNMAPPED_REPORT_2022,22,259,"예술의전당, 소외계층과청년 (싹틔우미회원) 등에게오픈 리허설관람기회확대방안 마련할것","조치완료 ㅇ’23년8월부터기획공연(여름음악축제(8.22.8.27.), 회원음악회(9.9.) 등)을중심으로싹틔우미회원대상리허설무료관람이벤트재개 * ’23년8~10월싹틔우미오픈리허설이벤트현황(총7건) - 여름음악축제(8.22./8.27.), 회원음악회(9.9.), 김대진&박재홍듀오 콘서트(10.3.), 황수미&안종도듀오콘서트(10.18.), KCO 초청콘 서트(10.19), 양성원&엔리코파체듀오콘서트(10.25.)",null,complete,89
UNMAPPED_REPORT_2022,22,260,"프리랜서계약체결의근거, 채용방식, 업무위탁계약서 사용이유질의및프리랜서 노동환경개선조치마련할것","조치완료 국악방송프리랜서대상갑질등실태조사(’23.5.29~6.23) 결과, ㅇ 적발사항없음",null,complete,90
UNMAPPED_REPORT_2022,22,261,국악방송부산보조국을자체 프로그램제작이가능한방송국 으로전환할필요성과방송 통신발전기금내제작비재원의 안정화를위해노력할것 【한국예술인복지재단】4건 시정및처리요구사항,조치중 지역균형발전을위한영남권방송국전환예산확보필요 ㅇ,지역방송국전환사업은지역균형발전을위해예산확보가 ㅇ 필요한사안으로중장기적으로예산증액등지속노력예정 조치사항및향후추진계획,active,90
UNMAPPED_REPORT_2022,22,263,"예술인파견지원사업참여 예술인의활동보고서내용중 다른행사에단순참가하거나, 정치색이강하거나개인취미 생활을기재한경우에대한 조치및승인에대해지적","조치완료 활동보고서검토기준및지침개선(’23.2) ㅇ - 지역사업참여자의활동보고서작성시지정된어플리 케이션사용의무화 활동비부적절지급방지관리‧감독강화 ㅇ - 활동취지에맞지않거나부정한활동적발시, 행정절 차를통해미승인처리및지원취소",null,complete,90
UNMAPPED_REPORT_2022,22,265,"취약한환경에놓인예술인의 현실을반영, 해외의다양한 사례를참고하여예술인특성에 맞춰보험설계를재조정하고 부족한부분에대해특별한 대책을강구할것 【한국문화예술교육진흥원】4건 시정및처리요구사항","사회보험제도개선과운영정착화를위해주관부처및 ㅇ 기관(고용노동부, 근로복지공단)과지속협력 - 예술인산재보험포럼(주관근로복지공단)(’22년7회), 고용보험협의회(주관고용노동부) 관련간담회(’22년 10회) 등에문체부와적극참여하여예술현장의견제시 다양한국내외사례및지원사업개선, 실태연구를통해 ㅇ 예술인사회보험사각지대최소화노력 - 관련연구용역추진(’23년下완료예정) 조치사항및향후추진계획",null,complete,91
UNMAPPED_REPORT_2022,22,267,스포츠강사대비열악한예술 강사처우개선을위해노력 할것,"조치중 학교예술강사실업급여수급자격확대(`21.12월) ㅇ - 피보험단위산입기간확대인정(강의준비일등) 및고용 노동부지침개정 학교예술강사의법적근거를명시하는문화예술교육지원법 ㅇ 개정(`22.1월) 및고용보장을위한시행령개정(`22.7월) `22년예술강사처우개선식대단가1만원인상(7만원→ ㅇ 8만원, 총5억), 병가·경조휴가유급도입(`22.9월)",null,active,91
UNMAPPED_REPORT_2022,22,270,국립발레단 명성에 걸맞은 홍보시스템마련및제작비용 현실화를위해노력할것,"조치완료 ’22년5월부터홍보물제작계약시지식재산권에대한 ㅇ 내용*을계약서조항에추가 * ‘업체’의행위, 최종인도물등이제3자의지식재산권 등권리를침해하는경우‘업체’는그로인한‘발레단’의손해에 대하여책임을부담한다. 기관내홍보업무매뉴얼구축완료 ㅇ",null,complete,92
UNMAPPED_REPORT_2022,22,272,비정규직의높은비율로인력 운영에어려움을겪고있으므로 정원증원및직원처우개선을 위해노력할것,조치완료 직원처우개선현황: 직원정액급식비(’22년) 신설및’22년 ㅇ 대비’23년인건비3.5% 증액반영(조치완료),직원처우개선을위해지속노력 ㅇ,complete,93
UNMAPPED_REPORT_2022,22,276,장애예술인이단원으로참여할 기회확대방안을마련할것,"조치완료 현재, 1명(장애예술인) 근무중이며, 장애인고용촉진및 ㅇ 직업재활법에의한장애인우대사항을적용하여채용진행중",단원채용시가산점제도유지 ㅇ 장애예술인과의협업을통해공연참여기회확대노력 ㅇ,complete,93
UNMAPPED_REPORT_2022,22,277,"서울시향대비낮은보조금, 많은공연횟수, 인력부족에 대한개선방안을마련할것","조치완료 ’23년직·단원28명증예산확보, 신규채용추진 ㅇ - 인건비(’22)2,843백만원→(’23)3,972백만원(1,129백만원증)",ㅇ국립예술단체로서의공공성및예술적완성도를제고할수 있도록단원처우개선을위하여중장기적으로예산확보노력지속,complete,94
UNMAPPED_REPORT_2022,22,280,한국문화예술회관연합회회원 기관의장애인접근성실태 조사실시할것,"조치완료 전국의문화시설(공연장, 전시장, 문화예술회관, 도서관등) ㅇ 대상장애인접근성(시설, 콘텐츠, 정보, 인적서비스등) 실태 조사완료",접근성실태조사결과를바탕으로‘문화시설장애인접근성 ㅇ 매뉴얼’ 제작및배포예정(’24년),complete,94
UNMAPPED_REPORT_2022,22,284,"미지급급여분의사용처, 인출 기록등관련자료를철저히 점검할것",조치완료 콘진원은인건비및운영비는국고사업통장으로별도관리하 ㅇ 고인건비는집행잔액정산시반납완료 `19년∼`21년해당계좌집행기록자료제출(∼`22.10.20.) ㅇ,"ERP(전사적자원관리시스템) 급여계산시스템지속보강(임금 ㅇ 피크제비율, 성과급비율등)(계속) - 현재’23년정보화사업위탁용역업체선정완료(3월) 하였으며, 요구사항분석및시스템기획을거쳐연내개선완료예정",complete,96
UNMAPPED_REPORT_2022,22,287,‘윤석열차’ 논란에대해한국 콘텐츠진흥원의입장을마련 할것,"조치완료 진흥원에서진행하고있는콘텐츠제작지원의경우, 콘텐츠의 ㅇ 핵심인‘창의성’을기반으로정치적외압없이제작자의표현 의자유를보장하고있음 우리콘텐츠가전세계인들의공감을얻도록, 진흥원은‘지원 ㅇ 하되간섭하지않는’ 정책을실행하고사업관리에만전을기 하도록하겠음",null,complete,96
UNMAPPED_REPORT_2022,22,289,광화문 프로젝트 위탁용역의 대기업참여여부에대한적절성을 검토할것,조치완료 우수한중소콘텐츠기업의참여기회확대를위해위탁 ㅇ 용역공고시대기업참여를제한함(`23.1월∼),null,complete,97
UNMAPPED_REPORT_2022,22,292,해외와비교하여콘텐츠세액 공제율이매우낮은점에대한 개선방안을마련할것,"조치중 국내콘텐츠산업이글로벌경쟁력을갖출수있도록실효성있는 ㅇ 세제지원제도개선을위한정책연구수행및보고서발간 - <글로벌경쟁력강화를위한K-콘텐츠세제지원방안(`23.2)>, 영상콘텐츠제작비용세액공제변화에따른전망(`23.8) 등 ‘23.7월세법개정을통해중소기업에대한영상콘텐츠제작비 ㅇ 세액공제율이최대30%까지확대, 중소·중견기업의문전사 투자에대한세액공제특례신설 <영상콘텐츠창작세제지원실효성제고방안연구> 수행중 ㅇ (∼‘23.12월)",null,active,98
UNMAPPED_REPORT_2022,22,294,국내콘텐츠포맷의글로벌불법 유통현황파악·관리방안을마련 할것,조치완료 포맷해외불법복제및유통현황조사(’23.04.16∼09.30) ㅇ 상반기포맷협의회를통해상반기조사현황공유(’23.06.09) ㅇ,"진흥원의해외비즈니스센터와협업, 불법유통현황을파악, ㅇ 하반기에개최되는포맷협의회를통해내용추가공유 예정(12월예정)",complete,98
UNMAPPED_REPORT_2022,22,303,"메타버스, P2E에대한한국 콘텐츠진흥원의명확한입장과 미래분석방안을모색할것","조치완료 P2E 게임은경품제공금지등으로인해현행법상유통불가 ㅇ 법원판결등으로인해P2E 게임의국내법상유통금지가확정 ㅇ (‘23.1)되었고, 업계수요및시장환경변화등을고려, 게임콘텐츠 제작지원신기술분야내블록체인제작지원사업제외(2023)",주무부처-관계기관등과협업하여P2E 게임에대한정책방향등 ㅇ 지속논의예정,complete,101
UNMAPPED_REPORT_2022,22,306,게임리터러시사업관련확대 필요성에대한한국콘텐츠진흥원의 입장및계획을마련할것,"조치완료 `23년대상별* 교육인원추가확대운영중(`23. 3월부터) ㅇ - `23년대상별게임리터러시97,000명교육목표 (`22년48,931명교육완료) * 대상: 유아, 청소년, 학부모(보호자), 교사(유치원,초중고)",null,complete,102
UNMAPPED_REPORT_2022,22,308,게임의사행성을다루는P2E 게임에대한지원중단을검토 할것,"조치완료 법원판결등으로인해P2E 게임의국내법상유통금지가확정 ㅇ (‘23.1)되었고, 업계수요및시장환경변화등을고려, 게임콘텐츠 제작지원신기술분야내블록체인제작지원사업제외(2023)",주무부처-관계기관등과협업을통해P2E 게임관련정책방향 ㅇ 지속논의예정,complete,102
UNMAPPED_REPORT_2022,22,310,"불법웹툰근절캠페인의 실효성 제고및불법캡쳐, 복사방지 방안을마련할것",조치완료 릴레이웹툰홈페이지불법복사방지기능적용(`22.10.18) ㅇ,"캠페인홍보효과증대를위해업계, 창작자및유관기관등 ㅇ 지속적으로논의 릴레이웹툰홈페이지캡처방지기능점검및서비스방식검토 ㅇ",complete,103
UNMAPPED_REPORT_2022,22,313,디지털취약계층도영화제 즐길수있도록예매시스템 도입부산국제영화제와협의필요,조치중 유관예매정책점검및대응마련진행중 ㅇ,영화제사무국과협의및개선방안협의지속 ㅇ,active,104
UNMAPPED_REPORT_2022,22,315,영화발전기금고갈에대응해내년 예산편성시영화진흥재원과 관련한로드맵마련필요,"조치완료 ’23년예산편성시일반회계전입금800억원확보 ㅇ ’24년정부안상타기금전입금354억원(체육기금300억, ㅇ 복권 확보및일반회계사업이관을통해재원다각화 기금54억)",전입금등추가재원확충및기금지출효율화노력지속 ㅇ,complete,104
UNMAPPED_REPORT_2022,22,323,"지속가능한콘텐츠산업생태계 구축을위한지방거점지역사업 추진이필요한시점으로, 영화· 영상스토리콘텐츠제작기회를 확대할씬원(S#1, 기획개발지원 센터) 부산분원조성필요","조치중 부산에소재한한국영화아카데미사전제작과정(기획개발), ㅇ 정규과정(단편영화제작), 장편과정(장편영화제작)) 교육운영을 통해지역인프라확충등지역콘텐츠산업생태계를구축을 위해노력 한국영화아카데미지역교육활성화프로그램운영 ㅇ * 부산지역대학영화D.I. 워크샵(7.3.∼7.7.), 바다상영회(6.23., 7.21.), 애니메이션클래스(8.17.), 부산예비영화(영상)음악가양성과정마 스터클래스(10.11.∼10.13.) 등)",한국영화아카데미지역교육활성화프로그램운영등 ㅇ 교육과정고도화추진,active,106
UNMAPPED_REPORT_2022,22,327,"현재의시스템으로는시·청각 장애인들이여전히배리어프리 영화날짜와시각, 장소등을 맞추기어려운상황. 장애인들이 차별없이영화를볼수있는 방안마련필요","조치완료 ‘장애인동시관람상영시스템시범상영관운영및개선방안 ㅇ 연구’로시·청각장애인을위한극장상영시스템가이드라인 구성및극장대상배포완료(’22년) 유관기관협의체운영(7회차, ∼’23.9월) 및청각장애인을 ㅇ 위한한글자막사전제작·동시개봉* 시범추진(’23.7월∼) * <밀수>, <더문>, <1947 보스턴>, <화란> 등",상영관대상장애인동시관람장비도입지원(’23년말∼) ㅇ,complete,108
UNMAPPED_REPORT_2022,22,331,전체관람가 영화 상영 전 상영되는광고및예고편이 전체관람가(유해성없음)라고 하더라도청소년보호를위한 최소한의권고및지침마련 등방안을검토할것,"조치완료 예고편영화및광고영화관련서비스개선을위한영화 ㅇ 상영관대상간담회개최(2회/‘22.12.15, 12.20.) 전체관람가영화상영전ž후저연령층에적합하지않은 ㅇ 예고편및광고영화가상영되는사례가발생되지않도록 영화상영관대상협조요청공문발송(‘23.06.)",null,complete,109
UNMAPPED_REPORT_2022,22,332,자체등급분류제도도입대비 청소년보호를위한대책을 마련할것,조치완료 자체등급분류사업자지정심사항목내청소년보호를 ㅇ 위한계획포함등관련제규정마련완료 - 「자체등급분류업무규정」및「사후관리업무규정」제정· 시행(‘23.03.) - 「자체등급분류사업자지정지침」및「사후관리업무 처리지침」제정·시행(`23.04.) 자체등급분류모니터단(45인) 구성및자체등급분류영상물 ㅇ 상시모니터링체계운영(‘23.06~계속),null,complete,109
UNMAPPED_REPORT_2022,22,333,자체등급분류제도운영시 등급분류관대또는과도한 자기검열등의부작용방지를 위해등급분류기준을구체화ž 세분화할것,조치완료 영상물등급분류기준세부가이드라인마련(`22.9~12월) ㅇ 영상물등급분류가이드북및자체등급분류매뉴얼등 ㅇ 자체등급분류사업자교육콘텐츠제작(`23.06.),null,complete,109
UNMAPPED_REPORT_2022,22,334,자체등급분류 도입에 따른 OTT 콘텐츠의선정성및역 사왜곡우려에대한대책을 마련할것,조치완료 자체등급분류사업자지정후등급분류책임자교육실시 ㅇ (`23.06.) 영상물등급분류가이드북및자체등급분류매뉴얼등 ㅇ 자체등급분류사업자교육콘텐츠제작(`23.06.),null,complete,109
UNMAPPED_REPORT_2022,22,342,P2E 게임관련관계기관및 부처간이견에대한협의와 허용여부에대해검토할것,"조치완료 ㅇ주무부처(문체부) 및관련기관협의 - 블록체인(P2E)관련현안공유(‘22.6.콘진원) - 내부관련TF 회의운영(’22.9./12.) ㅇ블록체인(NFT, P2E) 게임물42건등급분류결정취소(‘22.6.) ㅇP2E 게임관련소송2건(‘23.1. 원고패) 위원회승소 블록체인(NFT, P2E) 게임물기획조사- 자체등급분류사업자를 ㅇ 통해유통중인블록체인게임물유통현황조사실시 예정(’23.하반기)",null,complete,112
UNMAPPED_REPORT_2022,22,355,사행성요소가포함된것을 게임산업법이 아닌 ‘사행행 위규제법’에서별도관리하자는 주장등에대해검토할것,조치완료 ㅇ게임산업법상‘사행성게임물’ 개념을‘사행행위규제법’ 상의사행행위콘텐츠(신설)로이관하는법개정안(하태경 의원대표발의)에대한검토의견주무부처전달 - 향후국회논의결과에따라후속조치예정,null,complete,115
UNMAPPED_REPORT_2022,22,359,"중국해외사무소를통해불법 웹툰 사이트 URL을 삭제 조치하고, 영상콘텐츠의경우 리뷰영상보다는원본중심 으로삭제조치할것","조치완료 중국내한류콘텐츠불법복제물유통침해대응 ㅇ - 권리자와협의, 불법URL 개별삭제에서불법사이트 단속의형태로변경하여추진 - 현지공안당국협조를통해대응추진 * ‘22년중국내불법사이트(2개) 폐쇄조치 리뷰영상이아닌영화원본중심으로삭제조치추진 ㅇ",null,complete,117
UNMAPPED_REPORT_2022,22,362,해외유통사설서버관련 우리게임업계가막대한피해를 보고있으므로전반적인실태 조사 및 모니터링을 통한 폐쇄등적극조치할것,"조치완료 (기관간협력강화) 게임물관리위원회와협력, 해외유통 ㅇ 사설서버에대한관리감독강화(´22.10~) * 해외에서의게임콘텐츠저작권침해적시대응을위한 4개유관기관협력방안및절차마련(´22.11.) (실태조사및모니터링) 한국게임산업협회회원사대상 ㅇ 자체실태조사및저작권중국사무소모니터링을통한 침해URL 총204건삭제조치(~´23.6.)",null,complete,118
UNMAPPED_REPORT_2022,22,371,미디어 환경 변화에 맞춰 재단비상임이사구성변경을 적극검토할것,조치중 관련신문법개정안이국회계류중으로국회의법안검토진행 ㅇ 현황지속확인중,법안개정상황에따라관련후속조치추진예정 ㅇ,active,119
UNMAPPED_REPORT_2022,22,383,장애인접근성강화전자책의 품질을개선할것,조치중 전자책과뷰어의장애인접근성을확보할수있도록업계 ㅇ 자문회의를개최(2회)하고’23년사업계획수립·시행 - 접근성전자책제작지원대폭확대(24종→23년140종선정) - 선정출판사대상접근성전자책제작교육·컨설팅제공 - 주요유통사전자책뷰어접근성현황조사및개선방안도출 ('23.12월완료),null,active,122
UNMAPPED_REPORT_2022,22,384,출판유통통합전산망에출판사 참여확대를위해간담회개최 등적극적으로노력할것,조치완료 출판사방문홍보(월50여회) 등적극홍보노력 ㅇ,ㅇ사용자별시스템교육및홍보(출판사/서점/도서관별찾아 가는설명회)를통해출판유통통합전산망이용활성화도모,complete,123
UNMAPPED_REPORT_2022,22,392,국가대표선수촌 컨디셔닝팀 마사지사 채용과정 문제에 대한개선책과컨디셔닝운영 지원의공정성을위한개선 방안마련및보고필요,null,null,complete,126
UNMAPPED_REPORT_2022,22,399,"중학생조정대회에서승부조작 문제가 발생하였으나 협회 조사결과미흡, 유사사례의 승부조작 문제가 발생하지 않도록재조사필요",조치완료 스포츠윤리센터조사실시(‘22.11월~) 및조사결과통보(‘23.2.7.) ㅇ - 신고사건: 장보고기전국조정대회남중부승부(순위) 조작의혹 - 심의일자: 2023.1.3.(신고일: 2022.6.17.) - 심의결과 · 부산광역시조정협회기관경고권고(조치기관: 부산광역시체육회) · ○○중학교조정부코치직무태만통지(조치기관: 부산광역시교육청) · 대회운영제도보완권고(조치기관: 대한조정협회) 승부조작등불미스러운사건이재발되지않도록예방 ㅇ 교육및종목단체관리·감독철저(계속),null,complete,128
UNMAPPED_REPORT_2022,22,401,"스포츠디지털전환을위한핵심 기술인력의보유등을검토하고 스포츠디지털전환을위한중장기 계획방안, 관련필요법안추진안에 대해보고필요","조치중 스포츠디지털전환추진을위한스포츠ICT통합체계 ㅇ 구축사업(‘21∼‘25) 추진 - (‘21년, 1단계완료) 체육인통합등록시스템구축 * 전문·생활체육경기인등록및체육인생애주기이력 조회구현, 회원정보통합DB 구축, 인공지능(AI) 챗봇도입 - (‘22년∼‘23년, 2∼3단계진행중) 대회운영및경기실적 제공체계화, 체육단체행정지원시스템구축 * 국내종합대회관리체계통합및70개종목경기전산 운영, 체육단체행정업무지원기능확대보급운영등 - (‘24년∼‘25년, 4단계예정) 체육정보통합제공 * 체육정보종합포털개설및스포츠컨텐츠·기록물아카이브 구축, 대한체육회웹서비스통합구축및재·개편","ㅇ디지털플랫폼정부구현을위한스포츠빅데이터구축, 디지털지갑등선제적공공서비스, AI·데이터기반체육 행정자동화등스포츠분야디지털전환을위한계획을 체계적으로수립하여추진(계속) ㅇ스포츠ICT통합체계구축사업(4단계) 추진및효율적인 스포츠디지털정보화운영을위해관련법안입법화추진(계속)",active,128
UNMAPPED_REPORT_2022,22,404,"직장운동경기부 표준계약서의 권고적성격, 미비한조항등을 검토하여보완필요 - <향후추진계획> ㅇ ㅇ","조치완료 직장운동경기부표준계약서의권고적성격에대한지적 ㅇ 사항확인(‘22.12월) <직장운동경기부표준계약서> 제3조(계약기간및적용범위) 제2항직장 운동경기부가대회규정, 직장운동경기부구성요건, 선수자격 등대회참가등을위해필수적으로동의해야하는약관또는 계약을규정(경기인등록규정등)하여야하는경우, 본계약보다 해당약관또는계약이우선한다. 표준계약서의미비한조항이라기보다는직장운동경기부 선수자격및대회참가등을위한필수약관(계약)이우 선한다는내용임에따라, 선수라면반드시동의해야하는 자격과의무에대한사항임 표준계약서이행여부에대한전수조사를실시하여필수조항 준수여부및미흡사항에대한컨설팅진행(매년) 직장운동경기부관계자및지방체육회임직원대상으로 스포츠인권교육등실시(매년)",null,complete,129
UNMAPPED_REPORT_2022,22,409,한국스포츠정책과학원은스포츠 과학기능의역할수행을위한 조직을따로가져가야한다는 생각에갇혀있지말고장애인 체육회나대한체육회로기능을 돌리는등전향적태도로기관간 협의할것,"조치중 국가대표스포츠과학지원과관련하여문체부, 국민체육 ㅇ 진흥공단, 한국스포츠정책과학원, 대한체육회간회의를 개최하여의견조율(’23.1.6.) 문체부, 대한체육회, 한국스포츠정책과학원이참여하는 ㅇ 스포츠과학지원지도자간담회개최(’23.3.29.) 대한체육회선수촌, 한국스포츠정책과학원관계자업무협의를 ㅇ 통해측정자료및피드백자료일체매달정기적공유(’23.6.1.)",‘스포츠과학협의회’ 구성･운영으로기관간협력체계를 ㅇ 구축하여현장맞춤형지원,active,131
UNMAPPED_REPORT_2022,22,411,"체육진흥투표권사업수탁사업자 와의상생방안검토및공영화 시행준비에만전을기할필 요가있으며, 불법스포츠도박 근절을위한인력충원및주 최단체구매환급제한대상자 등록률 100% 달성을 위한 문체부등이해관계자협의 진행필요","조치중 (수탁사상생) 수탁사가권익위경영적자고충민원신청에 ㅇ 따른권익위·문체부(공단)·수탁사간조정(안) 마련(‘22.10∼’23.3) - 조정세부방안에대한감사원사전컨설팅신청및결과회신(10.12) * 공단·수탁사간상생방안마련을위한‘사업발전협의체’ 구성및운영(총4회, '22. 8.∼11.) (공영화) 공영화준비TF 구성및운영(‘23.7월)을통해 ㅇ 정부부처협의, 규정정비등제반사항추진 * 3자(감독기관·발행사업자·수탁사업자)간협력체계구축, 공영화주요과제발굴·추진(‘22.8월∼) (불법근절) 공단불법대응인력확충(6명→30명), 민간 ㅇ 모니터링단확대운영(40명→50명), 불법신고센터정보수사기관 공조확대(경찰·국방부) (환급제한) 환급제한관리시스템등록률제고추진 ㅇ * 관리시스템정보등록업무협조(문체부·공단→주최단체/ ‘23.4월) 및관리시스템·환급은행연계부정환급로근절(‘23.8월) * ('21년말) 92.2%→('22.10월말) 96.9%→('23.8월말) 98.9%","(수탁사상생) 4개기관(권익위,문체부,공단,수탁사) 조정(안) ㅇ 최종합의(11.8), 남은수탁기간(’23～‘25.6) 지출항목조정및 이행방안조치(’23.11월∼) (공영화) 공영화주요과제지속추진, 자회사운영관련 ㅇ 관계부처협의, 사업인수인계준비등(계속) (불법근절) 판매점건전화컨설팅및불법대응조직및 ㅇ 인력확충추진(계속) (환급제한) 문체부, 프로스포츠협회협의추진, 환급제한 ㅇ 미등록자현행화및등록독려(계속) * 관리시스템등록우수주최단체평가인센티브신설추진 * 주최단체신규입사자사전등록및교육등관리강화",active,132
UNMAPPED_REPORT_2022,22,415,국립체육박물관완공전수장고 포화에대한대책과완공후 수장고시설과운영에대한 구체적방안마련필요,조치중 수장고확장운영계획수립(’23.2월) ㅇ - 스포츠콤플렉스지하1층올림픽기념관서고(187㎡)와 수장고(440㎡) 공사진행및우선활용추진 - 케이스포돔임시수장고공간추가확보(382㎡→445㎡) 및 박물관개관후에도임시수장고지속운영,"수장률저감을위한중층수장고구성및유물재질과 ㅇ 보존상태등에따른체계적격납방안마련 * 박물관수장고계획: 수장고1(227㎡), 수장고2(340㎡)",active,134
UNMAPPED_REPORT_2022,22,436,"장애인e스포츠센터내핵심 인력인 지도자를 구할 수 없어곤란한상황, 해결필요","조치완료 e스포츠종목이국가자격스포츠지도사(장애인·전문·생활·유소년· ㅇ 노인스포츠지도사) 미시행종목임에따라, 문체부승인 (’22.12.)을받아해당기관에서발급하는“민간자격증” 발급을 통하여지도자등록및활동허용(‘23.1.) 장애인스포츠지도자내신규종목신설을위한공단공모 ㅇ 사업행정지원및절차안내(‘23.1. 대한장애인e스포츠연맹) ㅇ「선수·지도자·체육동호인·심판등록규정」개정으로 국가자격 스포츠지도사미시행종목의지도자등록기준마련(‘23.5.)",null,complete,142
UNMAPPED_REPORT_2022,22,440,"선수에대한맞춤형지원이 루어질수있도록선수에대한 경기종목, 장애유형, 장애정도별 지원지침마련하고, 가이드러너, 파일럿등비장애인동반선수 관련 지침이 부재(비장애인 은퇴선수활용유관기관협의) 하고, 가맹단체획일적지원 개선및관리감독강화필요","조치중 ‘국가대표훈련운영지침(’22.12.) 내중증장애선수훈련지원 ㅇ 내용신설 중증장애인선수지원방안을위한의견수렴 ㅇ - 종목별선수위원회(‘22.12.), 선수위원회상임회의(’23.3.), 지도자 협의회상임회의(‘23.7.) 등 훈련파트너(가이드러너, 파일럿등) 훈련수당인상 ㅇ (‘22년10만→’23년12만원)","유관기관협업을통해은퇴선수참여유도및비장애인 ㅇ 선수, 가이드등지원체계마련노력(계속) KPC 선수위원회내중증장애인소위원회구성(‘23.11. 예정) ㅇ",active,143
UNMAPPED_REPORT_2022,22,444,송파시각장애인축구장의위탁 운영전반에대해장애인체 육회가점검후개선필요,"조치완료 관계자회의개최(‘22.11.7.) ㅇ - 접근성개선등보완방안강구(송파구, 서울시장애인체육회 및운영주체참여) * 회의결과의원실보고완료(‘22.11.) 한국시각장애인스포츠연맹결과공유및협업방안논의(‘22.11.) ㅇ 지속적인조치결과및개선사항확인을위한모니터링실시(‘23.4.) ㅇ 시설운영위원회(분기별개최)에전맹부관계자를포함시켜 ㅇ 시설이용관련협의체구축(‘23.5.) 전맹부, 시각부로별도로개최됐던시각축구대회를발전시켜, ㅇ 금년부터통합대회로개최 ※ ‘23.4.29.(토) 개최, 총6개팀참가(전맹3팀, 약시3팀) 송파구청을통해축구장인근(여성축구장주차장) 장애인 ㅇ 전용주차장(2면) 설치, 진입로안내판, 시각장애인유도블록 설치신청",null,complete,144
UNMAPPED_REPORT_2022,22,453,개도국태권도용품지원사업의 비효율적인발송방식개선 검토필요,조치완료 기부대상국재외공관및이해관계단체협조를통해배송비절감 ㅇ - 튀르키예(구호물품전달을위한대사관공지접수처활용) - 레바논평화유지단(군부대파병보급선활용) - 모리타니아(겸임국(모로코) 공관에서발송비부담등),null,complete,147
UNMAPPED_REPORT_2022,22,456,태권도원 활성화 방안 및 홍보콘텐츠발굴필요,"조치중 태권도원활성화등을위해옥외광고실시(`23.1월~2월) ㅇ - 광고송출횟수: 82,677회 홍보대사위촉 ㅇ - 이대훈국가대표코치(‘23. 8월) - 태권도크리에이터태권크리(`23. 10월)",지상파TV 등광고송출(’23. 11월∼) ㅇ,active,148
UNMAPPED_REPORT_2022,22,463,"수의계약체결시특례악용 의심업체등한국관광공사 전체수의계약체결에대한 자체조사를실시하고, 이에 대한대책을마련할것","조치완료 과업참여인력적절성및사업장존재여부검증등수의계약 ㅇ 체결기업에대한검증기준마련및강화(’22.10.31.) ’18년-’22.9월수의계약체결기업1,475개사대상전수조사 ㅇ 실시, 여성기업특례악용의심기업1개사여성기업확인 통합신고센터행정조치건의(’22.12.22.)",null,complete,149
UNMAPPED_REPORT_2022,22,467,"야간관광활성화사업평가 항목에지방소멸완화항목 추가하고, 워케이션등 인구소멸대응사업을적극 추진할것","조치완료 ’23년야간관광특화도시조성사업공모도시유형중, ‘성장 ㅇ 지원형’에지역소멸위기대상도시를고려한평가항목* 신규추가및배점강화 * 지역특화성, 사업내용독창성, 콘텐츠의독특성등",null,complete,150
UNMAPPED_REPORT_2022,22,468,남북협력기금대출금상환 대책을마련할것,"조치중 채무면제등남북협력기금법일부개정안상정(’23.8.23., ㅇ 하태경의원대표발의) 관련, 동개정안의주요대상기관으 로서채무조정의법적근거마련필요성의견개진",남북경제협력사업자의피해보상에대한정책적배려필요성 ㅇ 관련관계기관대상의견개진및지속협의,active,150
UNMAPPED_REPORT_2022,22,477,지역축제통합시스템을내실 있게구축할것,"조치완료 ㅇ전국지역축제1,129개(문화관광축제* 86개포함) 데이터 정제를통한체계적인축제관리시스템구축, 정보제공 레이아웃개선, 검색기반축제추천등수요자관점 기능구축완료(’23.4.) - 검색포털연동전국축제개최정보월별확인기능추가, 축제장먹거리가격사전공개등시스템고도화지속추진",null,complete,152
UNMAPPED_REPORT_2022,22,495,"여성딜러들을대상으로한 성희롱, 폭언발생시고객 출입제한조치적극검토 필요","조치완료 성희롱, 폭언, 폭행등발생시해당고객을경고없이 ㅇ 퇴장시키는‘원액션아웃제도’를운영(‘18.08.) - 감정노동자보호를위해노사합의하여시행 ‘원액션아웃제도’운영제도강화(‘22.12.) ㅇ - 카지노출입관리지침제2장제6조(출입금지) 제15항 <2022.12.14.신설>에‘원액션아웃제도’를규정화하여강화운영","ㅇ제8도적, 정신건강예방, 신체건강예방보호조치지속실시",complete,155
UNMAPPED_REPORT_2022,22,496,GKL 인사적체해소방안및 인사적체에따른근무동기 부여방안검토할것,"조치중 총인건비내승급형기본급등보수체계전면개편추진 ㅇ - 보수체계개편을위한직원중심의별도협의체구성, 직원의견수렴및개편방향협의(’23. 6~8월) - 인사적체가심한5급중심의4단계구간별승급형기 본급설계(안) 마련, 하후상박구조로상위직급인상률 조정및직급별초임관리를통해승급재원마련 - 임금개편(안) 직원설명회진행후투표예정(10월) 기재부정기증원협의(직급조정건의), ‘23. 9~10월 ㅇ - 상위직급정원추가확보, 하위직급정원통합관리 인사적체일부해소를위해각직급호칭상향적용 ㅇ - 6급이상직급의직위명(호칭)을상향적용('23. 1월부)",향후노동조합과의협의및직원투표진행(8월~12월) ㅇ,active,156
UNMAPPED_REPORT_2022,22,500,청소년온라인불법도박근절을 위한실효성있는예방교육 실시 및 청소년 도박문제 실태조사실시주기단축(2년 →1년) 방안검토,"조치완료 도박문제예방교육후교육만족도평가실시(’22년3.41점/4점) ㅇ 유관기관협력체계강화로청소년예방교육참여확대 ㅇ - (협의체운영) 17개시·도교육청장학사협의회개최(‘23.4.18), 청소년 도박예방민·관·학협의체1차회의(‘23.5.9) - (유관기관협력) 전국지역아동센터협의회협력강화회의 추진(‘23.7.18) - (교육청및청소년기관교육자료배포) 청소년도박관련동향 리포트및카드뉴스등발행‧배포(’23년4, 6월호) ※ 예방교육의무화(학교보건법개정시행,‘22.6.29) 청소년실태조사조사대상확대및매년조사를위해중기사업 ㅇ 계획제출및기재부’24년예산요구(‘23.8월현재2차심의진행중)",ㅇ청소년실태조사(1년주기) ’24년예산반영후실시예정,complete,157
UNMAPPED_REPORT_2022,22,503,지역센터의개인정보유출 우려에따른내담자불안에 대한개선방안마련필요,"조치완료 내담자개인정보와상담내용등모든정보는도박문제예 ㅇ 방치유정보시스템(GPIS)을통해저장․관리하며, 개인정보 보호법제29조(안전조치의무) 및시행령제30조(개인정보의 안전성확보조치), 개인정보의안전성확보조치기준에의 거하여아래와같은기술적, 행정적조치를이행하고있음 1) 기술적조치 - 2차보안인증을통한접근통제(1차아이핀, 2차OTP) - 일방향암호화방식(SHA-256)을통한개인정보암호화 보호조치적용(13개테이블적용중) - 개인정보접속기록및개인정보필터링도입을통한기술적 보안조치적용 2) 행정적조치 - 접근권한에따라차등부여(접근권한신청서에따라메 뉴별권한차등부여) - (매월) 개인정보접속기록점검을통한개인정보오남용 방지(접속일시, 접속자명, 접속IP, 처리내역, 내담자명등) - (매년) 개인정보취급자및수탁업체참여인력전원개인 정보보호교육필수이수 - (매년) PC보안진단도구배포를통한개인정보취급자업 무용단말기(PC) 보안점검업무용단말기(PC) 보안점검 ※(참고) 개인정보보호위원회에서실시한「2022년공공기관개인 정보관리수준진단」에서우수(S등급) 획득(‘23.5.)",null,complete,158
